series,date,bin_start,lexicon,value
monthly_mean,2020-01-01,,plain_vader,0.0981581903276131
monthly_mean,2020-02-01,,plain_vader,0.0972323511543135
monthly_mean,2020-03-01,,plain_vader,0.07129915471311475
monthly_mean,2020-04-01,,plain_vader,0.09734332569211779
monthly_mean,2020-05-01,,plain_vader,0.0851974663318877
monthly_mean,2020-06-01,,plain_vader,0.09326913925822253
monthly_mean,2020-07-01,,plain_vader,0.08891830407172208
monthly_mean,2020-08-01,,plain_vader,0.0976170609645132
monthly_mean,2020-09-01,,plain_vader,0.09876737551867219
monthly_mean,2020-10-01,,plain_vader,0.11073321048321048
monthly_mean,2020-11-01,,plain_vader,0.11071713893967093
monthly_mean,2020-12-01,,plain_vader,0.11360465852555406
monthly_mean,2021-01-01,,plain_vader,0.09586150740242261
monthly_mean,2021-02-01,,plain_vader,0.10021566326530612
monthly_mean,2021-03-01,,plain_vader,0.10446024265048998
monthly_mean,2021-04-01,,plain_vader,0.11589662019433881
monthly_mean,2021-05-01,,plain_vader,0.11368639744952178
monthly_mean,2021-06-01,,plain_vader,0.12359562118126273
monthly_mean,2021-07-01,,plain_vader,0.11208341439688715
monthly_mean,2021-08-01,,plain_vader,0.0993693176239568
monthly_mean,2021-09-01,,plain_vader,0.10716914153132251
monthly_mean,2021-10-01,,plain_vader,0.1120270921386306
monthly_mean,2021-11-01,,plain_vader,0.11248844971453666
monthly_mean,2021-12-01,,plain_vader,0.11271263429308123
monthly_mean,2022-01-01,,plain_vader,0.11877094613452414
monthly_mean,2022-02-01,,plain_vader,0.09886376404494382
monthly_mean,2022-03-01,,plain_vader,0.10709610761305095
monthly_mean,2022-04-01,,plain_vader,0.11402173534532792
monthly_mean,2022-05-01,,plain_vader,0.1059595333128646
monthly_mean,2022-06-01,,plain_vader,0.1082531763947114
monthly_mean,2022-07-01,,plain_vader,0.10902119304556356
monthly_mean,2022-08-01,,plain_vader,0.10477324168797954
monthly_mean,2022-09-01,,plain_vader,0.11750827803003842
monthly_mean,2022-10-01,,plain_vader,0.10730351219512195
monthly_mean,2022-11-01,,plain_vader,0.11109620544269837
monthly_mean,2022-12-01,,plain_vader,0.11384847886210984
monthly_mean,2023-01-01,,plain_vader,0.1229906789755807
monthly_mean,2023-02-01,,plain_vader,0.10328814589665654
monthly_mean,2023-03-01,,plain_vader,0.11078821270310192
monthly_mean,2023-04-01,,plain_vader,0.09800893954918032
monthly_mean,2023-05-01,,plain_vader,0.08709206510681587
monthly_mean,2023-06-01,,plain_vader,0.10083836589698046
monthly_mean,2023-07-01,,plain_vader,0.11224707149009475
monthly_mean,2023-08-01,,plain_vader,0.09873501590668081
monthly_mean,2023-09-01,,plain_vader,0.12090830581661163
monthly_mean,2023-10-01,,plain_vader,0.1074874705882353
monthly_mean,2023-11-01,,plain_vader,0.1285147928994083
monthly_mean,2023-12-01,,plain_vader,0.12090523846755277
monthly_mean,2020-01-01,,finvader_lite,0.09460736349453978
monthly_mean,2020-02-01,,finvader_lite,0.09590021263669503
monthly_mean,2020-03-01,,finvader_lite,0.06975642930327869
monthly_mean,2020-04-01,,finvader_lite,0.09055780285663904
monthly_mean,2020-05-01,,finvader_lite,0.08296911664003652
monthly_mean,2020-06-01,,finvader_lite,0.09030605318404478
monthly_mean,2020-07-01,,finvader_lite,0.08761378408666418
monthly_mean,2020-08-01,,finvader_lite,0.0961092356687898
monthly_mean,2020-09-01,,finvader_lite,0.0986173755186722
monthly_mean,2020-10-01,,finvader_lite,0.10993484848484848
monthly_mean,2020-11-01,,finvader_lite,0.11160031992687386
monthly_mean,2020-12-01,,finvader_lite,0.11443563998190864
monthly_mean,2021-01-01,,finvader_lite,0.09404288918797667
monthly_mean,2021-02-01,,finvader_lite,0.09774117346938775
monthly_mean,2021-03-01,,finvader_lite,0.10206873541763883
monthly_mean,2021-04-01,,finvader_lite,0.11485204900718209
monthly_mean,2021-05-01,,finvader_lite,0.11252592986184909
monthly_mean,2021-06-01,,finvader_lite,0.12332479633401222
monthly_mean,2021-07-01,,finvader_lite,0.11281643968871596
monthly_mean,2021-08-01,,finvader_lite,0.09835090819833088
monthly_mean,2021-09-01,,finvader_lite,0.10845285382830627
monthly_mean,2021-10-01,,finvader_lite,0.11038017751479288
monthly_mean,2021-11-01,,finvader_lite,0.1123153271848924
monthly_mean,2021-12-01,,finvader_lite,0.11190979802320586
monthly_mean,2022-01-01,,finvader_lite,0.1156183086798772
monthly_mean,2022-02-01,,finvader_lite,0.09639822097378277
monthly_mean,2022-03-01,,finvader_lite,0.10728915283342873
monthly_mean,2022-04-01,,finvader_lite,0.11055383052814859
monthly_mean,2022-05-01,,finvader_lite,0.10193865520417562
monthly_mean,2022-06-01,,finvader_lite,0.1086852950661077
monthly_mean,2022-07-01,,finvader_lite,0.10692889688249402
monthly_mean,2022-08-01,,finvader_lite,0.10655028772378518
monthly_mean,2022-09-01,,finvader_lite,0.11477478169752009
monthly_mean,2022-10-01,,finvader_lite,0.10182813008130082
monthly_mean,2022-11-01,,finvader_lite,0.10724829436565735
monthly_mean,2022-12-01,,finvader_lite,0.11357562228368234
monthly_mean,2023-01-01,,finvader_lite,0.12077730792138178
monthly_mean,2023-02-01,,finvader_lite,0.10014305977710232
monthly_mean,2023-03-01,,finvader_lite,0.11268546528803544
monthly_mean,2023-04-01,,finvader_lite,0.09830878586065574
monthly_mean,2023-05-01,,finvader_lite,0.09014005595116989
monthly_mean,2023-06-01,,finvader_lite,0.10159129662522202
monthly_mean,2023-07-01,,finvader_lite,0.11337997416020672
monthly_mean,2023-08-01,,finvader_lite,0.0966940402969247
monthly_mean,2023-09-01,,finvader_lite,0.12275161290322581
monthly_mean,2023-10-01,,finvader_lite,0.10887347058823528
monthly_mean,2023-11-01,,finvader_lite,0.12678614398422092
monthly_mean,2023-12-01,,finvader_lite,0.12294265050820954
histogram,,-1.0,plain_vader,0.0
histogram,,-0.9666666666666667,plain_vader,0.0
histogram,,-0.9333333333333333,plain_vader,9.0
histogram,,-0.9,plain_vader,26.0
histogram,,-0.8666666666666667,plain_vader,59.0
histogram,,-0.8333333333333334,plain_vader,113.0
histogram,,-0.8,plain_vader,162.0
histogram,,-0.7666666666666666,plain_vader,234.0
histogram,,-0.7333333333333334,plain_vader,223.0
histogram,,-0.7,plain_vader,313.0
histogram,,-0.6666666666666667,plain_vader,557.0
histogram,,-0.6333333333333333,plain_vader,501.0
histogram,,-0.6,plain_vader,689.0
histogram,,-0.5666666666666667,plain_vader,513.0
histogram,,-0.5333333333333333,plain_vader,566.0
histogram,,-0.5,plain_vader,648.0
histogram,,-0.4666666666666667,plain_vader,863.0
histogram,,-0.43333333333333335,plain_vader,1876.0
histogram,,-0.4,plain_vader,1088.0
histogram,,-0.3666666666666667,plain_vader,1498.0
histogram,,-0.33333333333333337,plain_vader,867.0
histogram,,-0.30000000000000004,plain_vader,2678.0
histogram,,-0.2666666666666667,plain_vader,432.0
histogram,,-0.2333333333333334,plain_vader,1327.0
histogram,,-0.19999999999999996,plain_vader,338.0
histogram,,-0.16666666666666663,plain_vader,973.0
histogram,,-0.1333333333333333,plain_vader,1780.0
histogram,,-0.09999999999999998,plain_vader,305.0
histogram,,-0.06666666666666665,plain_vader,449.0
histogram,,-0.033333333333333326,plain_vader,338.0
histogram,,0.0,plain_vader,72394.0
histogram,,0.033333333333333215,plain_vader,517.0
histogram,,0.06666666666666665,plain_vader,657.0
histogram,,0.10000000000000009,plain_vader,1231.0
histogram,,0.1333333333333333,plain_vader,553.0
histogram,,0.16666666666666674,plain_vader,1286.0
histogram,,0.19999999999999996,plain_vader,5861.0
histogram,,0.2333333333333334,plain_vader,2089.0
histogram,,0.2666666666666666,plain_vader,7509.0
histogram,,0.30000000000000004,plain_vader,1090.0
histogram,,0.33333333333333326,plain_vader,4011.0
histogram,,0.3666666666666667,plain_vader,2422.0
histogram,,0.3999999999999999,plain_vader,3947.0
histogram,,0.43333333333333335,plain_vader,5843.0
histogram,,0.46666666666666656,plain_vader,2742.0
histogram,,0.5,plain_vader,2616.0
histogram,,0.5333333333333332,plain_vader,1336.0
histogram,,0.5666666666666667,plain_vader,2071.0
histogram,,0.6000000000000001,plain_vader,1480.0
histogram,,0.6333333333333333,plain_vader,3118.0
histogram,,0.6666666666666667,plain_vader,969.0
histogram,,0.7,plain_vader,1028.0
histogram,,0.7333333333333334,plain_vader,971.0
histogram,,0.7666666666666666,plain_vader,747.0
histogram,,0.8,plain_vader,434.0
histogram,,0.8333333333333333,plain_vader,302.0
histogram,,0.8666666666666667,plain_vader,119.0
histogram,,0.8999999999999999,plain_vader,42.0
histogram,,0.9333333333333333,plain_vader,26.0
histogram,,0.9666666666666666,plain_vader,0.0
histogram,,-1.0,finvader_lite,0.0
histogram,,-0.9666666666666667,finvader_lite,0.0
histogram,,-0.9333333333333333,finvader_lite,13.0
histogram,,-0.9,finvader_lite,36.0
histogram,,-0.8666666666666667,finvader_lite,73.0
histogram,,-0.8333333333333334,finvader_lite,149.0
histogram,,-0.8,finvader_lite,191.0
histogram,,-0.7666666666666666,finvader_lite,274.0
histogram,,-0.7333333333333334,finvader_lite,261.0
histogram,,-0.7,finvader_lite,364.0
histogram,,-0.6666666666666667,finvader_lite,637.0
histogram,,-0.6333333333333333,finvader_lite,540.0
histogram,,-0.6,finvader_lite,775.0
histogram,,-0.5666666666666667,finvader_lite,531.0
histogram,,-0.5333333333333333,finvader_lite,594.0
histogram,,-0.5,finvader_lite,774.0
histogram,,-0.4666666666666667,finvader_lite,1432.0
histogram,,-0.43333333333333335,finvader_lite,2301.0
histogram,,-0.4,finvader_lite,1100.0
histogram,,-0.3666666666666667,finvader_lite,1480.0
histogram,,-0.33333333333333337,finvader_lite,856.0
histogram,,-0.30000000000000004,finvader_lite,2748.0
histogram,,-0.2666666666666667,finvader_lite,447.0
histogram,,-0.2333333333333334,finvader_lite,1257.0
histogram,,-0.19999999999999996,finvader_lite,364.0
histogram,,-0.16666666666666663,finvader_lite,627.0
histogram,,-0.1333333333333333,finvader_lite,1689.0
histogram,,-0.09999999999999998,finvader_lite,327.0
histogram,,-0.06666666666666665,finvader_lite,470.0
histogram,,-0.033333333333333326,finvader_lite,374.0
histogram,,0.0,finvader_lite,70346.0
histogram,,0.033333333333333215,finvader_lite,504.0
histogram,,0.06666666666666665,finvader_lite,648.0
histogram,,0.10000000000000009,finvader_lite,1158.0
histogram,,0.1333333333333333,finvader_lite,554.0
histogram,,0.16666666666666674,finvader_lite,1264.0
histogram,,0.19999999999999996,finvader_lite,5808.0
histogram,,0.2333333333333334,finvader_lite,1988.0
histogram,,0.2666666666666666,finvader_lite,7348.0
histogram,,0.30000000000000004,finvader_lite,1080.0
histogram,,0.33333333333333326,finvader_lite,3992.0
histogram,,0.3666666666666667,finvader_lite,2344.0
histogram,,0.3999999999999999,finvader_lite,4137.0
histogram,,0.43333333333333335,finvader_lite,5918.0
histogram,,0.46666666666666656,finvader_lite,3153.0
histogram,,0.5,finvader_lite,2874.0
histogram,,0.5333333333333332,finvader_lite,1331.0
histogram,,0.5666666666666667,finvader_lite,2106.0
histogram,,0.6000000000000001,finvader_lite,1509.0
histogram,,0.6333333333333333,finvader_lite,3219.0
histogram,,0.6666666666666667,finvader_lite,1020.0
histogram,,0.7,finvader_lite,1093.0
histogram,,0.7333333333333334,finvader_lite,1026.0
histogram,,0.7666666666666666,finvader_lite,762.0
histogram,,0.8,finvader_lite,451.0
histogram,,0.8333333333333333,finvader_lite,309.0
histogram,,0.8666666666666667,finvader_lite,117.0
histogram,,0.8999999999999999,finvader_lite,65.0
histogram,,0.9333333333333333,finvader_lite,28.0
histogram,,0.9666666666666666,finvader_lite,0.0
neutral,,,finvader_lite,0.4820071372143071
